
  { "type": "FeatureCollection",
    
   "features": [

      { "type": "Feature",
        "geometry": {"type": "Point", "coordinates": [-93.8150830, 41.5891590]},
        "properties": {"prop0": "value0"}
        },

      { "type": "Feature",
        "geometry": {
          "type": "LineString",
          "coordinates": [
            [-93.8150830, 41.5891590],[-93.8167130, 41.5883260], [-93.8180750, 41.5876330], [-93.8218627, 41.5856459], [-93.8240599, 41.5845084], [-93.8259528, 41.5835355],  [-93.8324507, 41.5802052],[-93.8360680, 41.5784290]
            ]
          },
        "properties": {
          "prop0": "value0",
          "prop1": 0.0
          }
        }
       ]
}
